ردیف,دسته اصلی,دسته ۲,دسته ۳,دسته ۴,دسته ۵,دسته ۶,دسته ۷
1,اجتماعی,امور خیریه,صدقه,می‌دهد,,,
2,اجتماعی,امور خیریه,صدقه,نمی‌دهد,,,
3,اجتماعی,امور خیریه,صدقه,دفعات پرداخت,مرتب,,
4,اجتماعی,امور خیریه,صدقه,دفعات پرداخت,هنگام احساس خطر,,
5,اجتماعی,امور خیریه,صدقه,دفعات پرداخت,هر وقت بتونه,,
6,اجتماعی,امور خیریه,صدقه,نظر,اعتقادی نداره,,
7,اجتماعی,امور خیریه,اهدای عضو,نظر,موافق,,
8,اجتماعی,امور خیریه,اهدای عضو,نظر,مخالف,,
9,اجتماعی,امور خیریه,اهدای عضو,نظر,فکر نکرده,,
10,اجتماعی,امور خیریه,اهدای عضو,نظر,تصمیم خانواده,,
11,اجتماعی,امور خیریه,اهدای عضو,نظر,در صورت پرداخت هزینه,,
12,اجتماعی,انتظامی,راهنمایی و رانندگی,رعایت قوانین و مقررات,زیاد,,
13,اجتماعی,انتظامی,راهنمایی و رانندگی,رعایت قوانین و مقررات,تاحدی,,
14,اجتماعی,انتظامی,راهنمایی و رانندگی,رعایت قوانین و مقررات,کم و بیش,,
15,اجتماعی,انتظامی,راهنمایی و رانندگی,رعایت قوانین و مقررات,خیلی‌کم,,
16,اجتماعی,پوشاک,ملاک انتخاب,کیفیت و جنس,,,
17,اجتماعی,پوشاک,ملاک انتخاب,قیمت,,,
18,اجتماعی,پوشاک,ملاک انتخاب,مد,,,
19,اجتماعی,پوشاک,ملاک انتخاب,نام تجاری,,,
20,اجتماعی,پوشاک,ملاک انتخاب,زیبایی و شیک بودن,,,
21,اجتماعی,پوشاک,ملاک انتخاب,تناسب با عرف جامعه,,,
22,اجتماعی,پوشاک,ملاک انتخاب,سایر,,,
23,اجتماعی,خانواده,ازدواج,ملاک انتخاب,اعتقادات دینی,,
24,اجتماعی,خانواده,ازدواج,ملاک انتخاب,اخلاق و روحیات,,
25,اجتماعی,خانواده,ازدواج,ملاک انتخاب,تحصیلات,,
26,اجتماعی,خانواده,ازدواج,ملاک انتخاب,وضعیت اجتماعی و خانوادگی,,
27,اجتماعی,خانواده,ازدواج,ملاک انتخاب,وضعیت مالی,,
28,اجتماعی,خانواده,ازدواج,ملاک انتخاب,زیبایی ظاهری,,
29,اجتماعی,خانواده,ازدواج,ملاک انتخاب,سایر,,
30,اجتماعی,سفر,حمل و نقل,امور روزمره,خودروی شخصی,,
31,اجتماعی,سفر,حمل و نقل,امور روزمره,مترو,,
32,اجتماعی,سفر,حمل و نقل,امور روزمره,اتوبوس,,
33,اجتماعی,سفر,حمل و نقل,امور روزمره,تاکسی,,
34,اجتماعی,سفر,حمل و نقل,امور روزمره,موتورسیکلت,,
35,اجتماعی,سفر,حمل و نقل,امور روزمره,دوچرخه,,
36,اجتماعی,سفر,حمل و نقل,امور روزمره,سایر,,
37,اجتماعی,سفر,حمل و نقل,برون شهری,خودروی شخصی,,
38,اجتماعی,سفر,حمل و نقل,برون شهری,تاکسی,,
39,اجتماعی,سفر,حمل و نقل,برون شهری,مسافربر شخصی,,
40,اجتماعی,سفر,حمل و نقل,برون شهری,هواپیما,,
41,اجتماعی,سفر,حمل و نقل,برون شهری,قطار,,
42,اجتماعی,سفر,حمل و نقل,برون شهری,اتوبوس,,
43,اجتماعی,سفر,حمل و نقل,برون شهری,سایر,,
44,اجتماعی,سفر,حمل و نقل,ملاک انتخاب,هزینه,,
45,اجتماعی,سفر,حمل و نقل,ملاک انتخاب,راحتی و آسایش,,
46,اجتماعی,سفر,حمل و نقل,ملاک انتخاب,امنیت,,
47,اجتماعی,سفر,حمل و نقل,ملاک انتخاب,سرعت,,
48,اجتماعی,سفر,حمل و نقل,ملاک انتخاب,سایر,,
49,اجتماعی,محیط‌زیست,آلودگی,محل زندگی,بله,,
50,اجتماعی,محیط‌زیست,آلودگی,محل زندگی,خیر,,
51,اجتماعی,محیط‌زیست,آلودگی,محل زندگی,برخی ایام,,
52,اجتماعی,محیط‌زیست,آلودگی,عوامل,وسایل نقلیه,,
53,اجتماعی,محیط‌زیست,آلودگی,عوامل,ریزگردها,,
54,اجتماعی,محیط‌زیست,آلودگی,عوامل,صنایع و نیروگاه‌ها,,
55,اجتماعی,محیط‌زیست,آلودگی,عوامل,کمبود فضای سبز,,
56,اجتماعی,محیط‌زیست,آلودگی,عوامل,سایر,,
57,اقتصادی,بانک,حساب بانکی,دارد,,,
58,اقتصادی,بانک,حساب بانکی,ندارد,,,
59,اقتصادی,بانک,تعداد حساب بانکی,یک,,,
60,اقتصادی,بانک,تعداد حساب بانکی,دو,,,
61,اقتصادی,بانک,تعداد حساب بانکی,سه,,,
62,اقتصادی,بانک,تعداد حساب بانکی,چهار,,,
63,اقتصادی,بانک,تعداد حساب بانکی,پنج و بیشتر,,,
64,اقتصادی,بانک,وام گرفتن,گرفته,,,
65,اقتصادی,بانک,وام گرفتن,نگرفته,,,
66,اقتصادی,بورس,سرمایه‌گذاری,کرده,,,
67,اقتصادی,بورس,سرمایه‌گذاری,نکرده,,,
68,اقتصادی,خرید,نام تجاری,اهمیت‌داشتن,دارد,,
69,اقتصادی,خرید,نام تجاری,اهمیت‌داشتن,ندارد,,
70,اقتصادی,خرید,اینترنتی,کرده,,,
71,اقتصادی,خرید,اینترنتی,نکرده,,,
72,اقتصادی,خرید,اینترنتی,نماد اعتماد الکترونیکی,توجه‌کردن,می‌کند,
73,اقتصادی,خرید,اینترنتی,نماد اعتماد الکترونیکی,توجه‌کردن,نمی‌کند,
74,اقتصادی,خودرو,کشور سازنده,ایران,,,
75,اقتصادی,خودرو,کشور سازنده,خارج,,,
76,اقتصادی,خودرو,شرکت خودروساز,ایران خودرو,,,
77,اقتصادی,خودرو,شرکت خودروساز,سایپا,,,
78,اقتصادی,خودرو,شرکت خودروساز,پارس خودرو,,,
79,اقتصادی,خودرو,شرکت خودروساز,گروه بهمن,,,
80,اقتصادی,خودرو,شرکت خودروساز,کرمان موتور,,,
81,اقتصادی,خودرو,شرکت خودروساز,مدیران خودرو,,,
82,اقتصادی,خودرو,شرکت خودروساز,سایر,,,
83,سلامت,اهدای خون,انجام‌دادن,داده,,,
84,سلامت,اهدای خون,انجام‌دادن,نداده,,,
85,سلامت,اهدای خون,نظر,موافق,,,
86,سلامت,اهدای خون,نظر,مخالف,,,
87,سلامت,اهدای خون,دفعات انجام,انگشت شمار,,,
88,سلامت,اهدای خون,دفعات انجام,بیش از ده‌بار,,,
89,سلامت,بیمه درمانی,داشتن,دارد,,,
90,سلامت,بیمه درمانی,داشتن,ندارد,,,
91,سلامت,بیمه درمانی,نوع بیمه,بیمه سلامت,,,
92,سلامت,بیمه درمانی,نوع بیمه,تامین اجتماعی,,,
93,سلامت,بیمه درمانی,نوع بیمه,خصوصی,,,
94,سلامت,بیمه درمانی,نوع بیمه,روستایی,,,
95,سلامت,بیمه درمانی,نوع بیمه,کارکنان دولت,,,
96,سلامت,بیمه درمانی,نوع بیمه,نیروهای مسلح,,,
97,سلامت,پزشکی,جراحی,انجام‌دادن,کرده,,
98,سلامت,پزشکی,جراحی,انجام‌دادن,نکرده,,
99,سلامت,پزشکی,پوست، مو و زیبایی,دکتر پوست، مو و زیبایی,مراجعه‌کردن,کرده,
100,سلامت,پزشکی,پوست، مو و زیبایی,دکتر پوست، مو و زیبایی,مراجعه‌کردن,نکرده,
101,سلامت,پزشکی,پوست، مو و زیبایی,جراحی,انجام‌دادن,داده,
102,سلامت,پزشکی,پوست، مو و زیبایی,جراحی,انجام‌دادن,نداده,
103,سلامت,پزشکی,پوست، مو و زیبایی,جراحی,نظر,راضی,
104,سلامت,پزشکی,پوست، مو و زیبایی,جراحی,نظر,پشیمان,
105,سلامت,پزشکی,پوست، مو و زیبایی,جراحی,نظر,می‌ترسد,
106,سلامت,پزشکی,پوست، مو و زیبایی,جراحی,نظر,مخالف,
107,سلامت,پزشکی,دهان و دندان,دندانپزشک,مراجعه‌کردن,کرده,
108,سلامت,پزشکی,دهان و دندان,دندانپزشک,مراجعه‌کردن,نکرده,
109,سلامت,پزشکی,چشم,چشم‌پزشک,مراجعه‌کردن,کرده,
110,سلامت,پزشکی,چشم,چشم‌پزشک,مراجعه‌کردن,نکرده,
111,سلامت,پزشکی,چشم,عینک,استفاده‌کردن,می‌کند,
112,سلامت,پزشکی,چشم,عینک,استفاده‌کردن,نمی‌کند,
113,سلامت,پزشکی,چشم,عینک,نوع عینک,طبی,
114,سلامت,پزشکی,چشم,عینک,نوع عینک,آفتابی,
115,سلامت,پزشکی,چشم,عینک,نوع عینک,مشاغل,
116,سلامت,پزشکی,چشم,عینک,نوع عینک,سایر,
117,سلامت,پزشکی,زایمان,نظر,طبیعی,,
118,سلامت,پزشکی,زایمان,نظر,سزارین,,
119,سلامت,تغذیه,طعم,علاقمندی,ترش,,
120,سلامت,تغذیه,طعم,علاقمندی,شیرین,,
121,سلامت,تغذیه,طعم,علاقمندی,تند,,
122,سلامت,تغذیه,طعم,علاقمندی,شور,,
123,سلامت,تغذیه,طعم,علاقمندی,فرقی نمی‌کند,,
124,سلامت,تغذیه,گوشت,مصرف‌کردن,می‌کند,,
125,سلامت,تغذیه,گوشت,مصرف‌کردن,نمی‌کند,,
126,سلامت,تغذیه,گوشت,نوع گوشت,گوسفند,,
127,سلامت,تغذیه,گوشت,نوع گوشت,گاو و گوساله,,
128,سلامت,تغذیه,گوشت,نوع گوشت,شتر,,
129,سلامت,تغذیه,گوشت,نوع گوشت,مرغ و طیور,,
130,سلامت,تغذیه,گوشت,نوع گوشت,ماهی و آبزیان,,
131,سلامت,تغذیه,گوشت,نوع گوشت,سایر,,
132,سلامت,تغذیه,نان,مصرف‌کردن,می‌کند,,
133,سلامت,تغذیه,نان,مصرف‌کردن,نمی‌کند,,
134,سلامت,تغذیه,نان,نوع نان,لواش,,
135,سلامت,تغذیه,نان,نوع نان,بربری,,
136,سلامت,تغذیه,نان,نوع نان,سنگک,,
137,سلامت,تغذیه,نان,نوع نان,تافتون,,
138,سلامت,تغذیه,نان,نوع نان,باگت,,
139,سلامت,تغذیه,نان,نوع نان,سایر,,
140,سلامت,تغذیه,فست‌فود,مصرف‌کردن,می‌کند,,
141,سلامت,تغذیه,فست‌فود,مصرف‌کردن,نمی‌کند,,
142,سلامت,تغذیه,فست‌فود,میزان مصرف,روزانه,,
143,سلامت,تغذیه,فست‌فود,میزان مصرف,هفتگی,,
144,سلامت,تغذیه,فست‌فود,میزان مصرف,ماهیانه,,
145,سلامت,تغذیه,فست‌فود,میزان مصرف,سالیانه,,
146,سلامت,تغذیه,صبحانه,نوشیدنی,نوع نوشیدنی,چای,
147,سلامت,تغذیه,صبحانه,نوشیدنی,نوع نوشیدنی,شیر,
148,سلامت,تغذیه,صبحانه,نوشیدنی,نوع نوشیدنی,قهوه,
149,سلامت,تغذیه,صبحانه,نوشیدنی,نوع نوشیدنی,نسکافه,
150,سلامت,تغذیه,صبحانه,نوشیدنی,نوع نوشیدنی,آب‌میوه,
151,سلامت,تغذیه,صبحانه,نوشیدنی,نوع نوشیدنی,آب جوش,
152,سلامت,تغذیه,صبحانه,نوشیدنی,نوع نوشیدنی,سایر,
153,سلامت,تغذیه,غذا,نوشیدنی,مصرف‌کردن,بله,
154,سلامت,تغذیه,غذا,نوشیدنی,مصرف‌کردن,خیر,
155,سلامت,تغذیه,غذا,نوشیدنی,نوع نوشیدنی,آب,
156,سلامت,تغذیه,غذا,نوشیدنی,نوع نوشیدنی,دوغ,
157,سلامت,تغذیه,غذا,نوشیدنی,نوع نوشیدنی,نوشابه,
158,سلامت,تغذیه,غذا,نوشیدنی,نوع نوشیدنی,دلستر,
159,سلامت,تغذیه,غذا,نوشیدنی,نوع نوشیدنی,سایر,
160,سلامت,تغذیه,نوشیدنی,نوع نوشیدنی,چای,,
161,سلامت,تغذیه,نوشیدنی,نوع نوشیدنی,قهوه,,
162,سلامت,تناسب اندام,محدوده وزنی,چاق,,,
163,سلامت,تناسب اندام,محدوده وزنی,اضافه وزن,,,
164,سلامت,تناسب اندام,محدوده وزنی,متناسب,,,
165,سلامت,تناسب اندام,محدوده وزنی,کمبود وزن,,,
166,سلامت,تناسب اندام,محدوده وزنی,لاغر,,,
167,سلامت,تناسب اندام,نظر,رژیم غذایی,,,
168,سلامت,تناسب اندام,نظر,ورزش,,,
169,سلامت,تناسب اندام,نظر,دارو,,,
170,سلامت,تناسب اندام,نظر,جراحی,,,
171,سلامت,تناسب اندام,نظر,سایر,,,
172,سلامت,دخانیات,مصرف‌کردن,می‌کند,,,
173,سلامت,دخانیات,مصرف‌کردن,نمی‌کند,,,
174,سلامت,دخانیات,میزان مصرف,تفریحی,,,
175,سلامت,دخانیات,میزان مصرف,به‌ندرت,,,
176,سلامت,طب‌سنتی,حجامت,انجام‌دادن,داده,,
177,سلامت,طب‌سنتی,حجامت,انجام‌دادن,نداده,,
178,سلامت,طب‌سنتی,حجامت,دفعات انجام,انگشت شمار,,
179,سلامت,طب‌سنتی,حجامت,دفعات انجام,بیش از ده‌بار,,
180,سلامت,طب‌سنتی,حجامت,نظر,مخالف,,
181,سلامت,طب‌سنتی,حجامت,نظر,موافق,,
182,سلامت,طب‌سنتی,حجامت,نظر,ندارد,,
183,سلامت,طب‌سنتی,زالودرمانی,انجام‌دادن,داده,,
184,سلامت,طب‌سنتی,زالودرمانی,انجام‌دادن,نداده,,
185,سلامت,طب‌سنتی,زالودرمانی,نظر,مخالف,,
186,سلامت,طب‌سنتی,زالودرمانی,نظر,موافق,,
187,سلامت,طب‌سنتی,زالودرمانی,نظر,ندارد,,
188,سلامت,طب‌سنتی,استفاده‌کردن,می‌کند,,,
189,سلامت,طب‌سنتی,استفاده‌کردن,نمی‌کند,,,
190,سلامت,طب‌سنتی,میزان استفاده,گاهی اوقات,,,
191,سلامت,طب‌سنتی,میزان استفاده,همیشه,,,
192,سلامت,طب‌سنتی,نظر,مخالف,,,
193,سلامت,طب‌سنتی,نظر,موافق,,,
194,سلامت,گیاهان دارویی,استفاده‌کردن,می‌کند,,,
195,سلامت,گیاهان دارویی,استفاده‌کردن,نمی‌کند,,,
196,سلامت,گیاهان دارویی,میزان استفاده,کم و بیش,,,
197,سلامت,ورزش,ورزش‌کردن,می‌کند,,,
198,سلامت,ورزش,ورزش‌کردن,نمی‌کند,,,
199,سلامت,ورزش,میزان ورزش‌کردن,مرتب,,,
200,سلامت,ورزش,میزان ورزش‌کردن,کم و بیش,,,
201,سلامت,ورزش,علت ورزش‌کردن,سلامتی,,,
202,سلامت,ورزش,علت ورزش‌کردن,شادابی,,,
203,سلامت,ورزش,علت ورزش‌کردن,تناسب اندام,,,
204,سلامت,ورزش,علت ورزش‌کردن,درمانی,,,
205,سلامت,ورزش,علت ورزش‌کردن,تفریحی,,,
206,سلامت,ورزش,علت ورزش‌کردن,ورزشکار حرفه‌ای,,,
207,سلامت,ورزش,علت ورزش‌نکردن,بیماری,,,
208,سلامت,ورزش,علت ورزش‌نکردن,بی‌علاقگی,,,
209,سلامت,ورزش,علت ورزش‌نکردن,فرصت نکردن,,,
210,سلامت,ورزش,علت ورزش‌نکردن,سایر,,,
211,عمومی,ازدواج,ازدواج‌کردن,کرده,,,
212,عمومی,ازدواج,ازدواج‌کردن,نکرده,,,
213,عمومی,ازدواج,ازدواج‌کردن,نامزد,,,
214,عمومی,ازدواج,ازدواج‌کردن,طلاق گرفته,,,
215,عمومی,اشتغال,وضعیت شغلی,شاغل,,,
216,عمومی,اشتغال,وضعیت شغلی,بیکار,,,
217,عمومی,اشتغال,نوع شغل,دولتی,,,
218,عمومی,اشتغال,نوع شغل,غیردولتی,,,
219,عمومی,اشتغال,نوع شغل,نظامی,,,
220,عمومی,اشتغال,نوع شغل,آزاد,,,
221,عمومی,اشتغال,نوع شغل,بازنشسته,,,
222,عمومی,اشتغال,نوع شغل,سایر,,,
223,عمومی,انتظامی,نظام‌وظیفه,سربازی,پایان خدمت,,
224,عمومی,انتظامی,نظام‌وظیفه,سربازی,در حال خدمت,,
225,عمومی,انتظامی,نظام‌وظیفه,سربازی,معافیت,,
226,عمومی,انتظامی,نظام‌وظیفه,سربازی,نرفته,,
227,عمومی,تحصیل,وضعیت تحصیلی,فارغ‌التحصیل,,,
228,عمومی,تحصیل,وضعیت تحصیلی,در حال تحصیل,,,
229,عمومی,تحصیل,وضعیت تحصیلی,ترک تحصیل,,,
230,عمومی,تحصیل,گروه تحصیلی,زیردیپلم,,,
231,عمومی,تحصیل,گروه تحصیلی,دیپلم,,,
232,عمومی,تحصیل,گروه تحصیلی,دانشگاهی,,,
233,عمومی,تحصیل,گروه تحصیلی,حوزوی,,,
234,عمومی,تحصیل,گروه تحصیلی,سایر,,,
235,عمومی,تحصیل,گروه تحصیلی زیردیپلم,مدرک تحصیلی,ابتدایی,,
236,عمومی,تحصیل,گروه تحصیلی زیردیپلم,مدرک تحصیلی,راهنمایی,,
237,عمومی,تحصیل,گروه تحصیلی زیردیپلم,مدرک تحصیلی,دبیرستان,,
238,عمومی,تحصیل,گروه تحصیلی زیردیپلم,مدرک تحصیلی,متوسطه اول,,
239,عمومی,تحصیل,گروه تحصیلی زیردیپلم,مدرک تحصیلی,متوسطه دوم,,
240,عمومی,تحصیل,گروه تحصیلی زیردیپلم,مدرک تحصیلی,پیش‌دانشگاهی,,
241,عمومی,تحصیل,گروه تحصیلی دانشگاهی,مدرک تحصیلی,کاردانی,,
242,عمومی,تحصیل,گروه تحصیلی دانشگاهی,مدرک تحصیلی,کارشناسی,,
243,عمومی,تحصیل,گروه تحصیلی دانشگاهی,مدرک تحصیلی,کارشناسی‌ارشد,,
244,عمومی,تحصیل,گروه تحصیلی دانشگاهی,مدرک تحصیلی,دکتری,,
245,عمومی,تحصیل,گروه تحصیلی حوزوی,مدرک تحصیلی,مقدمات,,
246,عمومی,تحصیل,گروه تحصیلی حوزوی,مدرک تحصیلی,سطح یک,,
247,عمومی,تحصیل,گروه تحصیلی حوزوی,مدرک تحصیلی,سطح دو,,
248,عمومی,تحصیل,گروه تحصیلی حوزوی,مدرک تحصیلی,سطح سه,,
249,عمومی,تحصیل,گروه تحصیلی حوزوی,مدرک تحصیلی,سطح چهار,,
250,عمومی,تحصیل,نوع دانشگاه,دولتی,,,
251,عمومی,تحصیل,نوع دانشگاه,علوم پزشکی,,,
252,عمومی,تحصیل,نوع دانشگاه,آزاد اسلامی,,,
253,عمومی,تحصیل,نوع دانشگاه,پیام‌نور,,,
254,عمومی,تحصیل,نوع دانشگاه,علمی‌کاربردی,,,
255,عمومی,تحصیل,نوع دانشگاه,غیرانتفاعی,,,
256,عمومی,تحصیل,نوع دانشگاه,سایر,,,
257,عمومی,تحصیل,رشته تحصیلی,علوم انسانی,,,
258,عمومی,تحصیل,رشته تحصیلی,علوم تجربی,,,
259,عمومی,تحصیل,رشته تحصیلی,ریاضی و فیزیک,,,
260,عمومی,تحصیل,رشته تحصیلی,علوم و معارف‌اسلامی,,,
261,عمومی,تحصیل,رشته تحصیلی,فنی و حرفه‌ای,,,
262,عمومی,تحصیل,رشته تحصیلی,کاردانش,,,
263,عمومی,تلفن‌همراه,داشتن,دارد,,,
264,عمومی,تلفن‌همراه,داشتن,ندارد,,,
265,عمومی,تلفن‌همراه,اپراتور,همراه اول,,,
266,عمومی,تلفن‌همراه,اپراتور,ایرانسل,,,
267,عمومی,تلفن‌همراه,اپراتور,رایتل,,,
268,عمومی,تلفن‌همراه,اپراتور,تالیا,,,
269,عمومی,تولد,فصل,بهار,,,
270,عمومی,تولد,فصل,تابستان,,,
271,عمومی,تولد,فصل,پاییز,,,
272,عمومی,تولد,فصل,زمستان,,,
273,عمومی,تولد,فصل بهار,فروردین,,,
274,عمومی,تولد,فصل بهار,اردیبهشت,,,
275,عمومی,تولد,فصل بهار,خرداد,,,
276,عمومی,تولد,فصل تابستان,تیر,,,
277,عمومی,تولد,فصل تابستان,مرداد,,,
278,عمومی,تولد,فصل تابستان,شهریور,,,
279,عمومی,تولد,فصل پاییز,مهر,,,
280,عمومی,تولد,فصل پاییز,آبان,,,
281,عمومی,تولد,فصل پاییز,آذر,,,
282,عمومی,تولد,فصل زمستان,دی,,,
283,عمومی,تولد,فصل زمستان,بهمن,,,
284,عمومی,تولد,فصل زمستان,اسفند,,,
285,عمومی,جنسیت,آقا,,,,
286,عمومی,جنسیت,خانم,,,,
287,عمومی,خانواده,فرزند,دارد,,,
288,عمومی,خانواده,فرزند,ندارد,,,
289,عمومی,خانواده,فرزند,تعداد فرزند,یک,,
290,عمومی,خانواده,فرزند,تعداد فرزند,دو,,
291,عمومی,خانواده,فرزند,تعداد فرزند,سه,,
292,عمومی,خانواده,فرزند,تعداد فرزند,چهار,,
293,عمومی,خانواده,فرزند,تعداد فرزند,پنج و بیشتر,,
294,عمومی,خانواده,فرزند,جنسیت فرزند,دختر,,
295,عمومی,خانواده,فرزند,جنسیت فرزند,پسر,,
296,عمومی,خودرو,خودروی‌شخصی,دارد,,,
297,عمومی,خودرو,خودروی‌شخصی,ندارد,,,
298,عمومی,دین,اسلام,,,,
299,عمومی,دین,مسیحیت,,,,
300,عمومی,دین,یهودیت,,,,
301,عمومی,دین,سایر,,,,
302,عمومی,رنگ,علاقمندی,سفید,,,
303,عمومی,رنگ,علاقمندی,مشکی,,,
304,عمومی,رنگ,علاقمندی,قرمز,,,
305,عمومی,رنگ,علاقمندی,آبی,,,
306,عمومی,رنگ,علاقمندی,سبز,,,
307,عمومی,رنگ,علاقمندی,صورتی,,,
308,عمومی,رنگ,علاقمندی,سایر,,,
309,عمومی,زبان,گفتار روزمره,فارسی,,,
310,عمومی,زبان,گفتار روزمره,ترکی,,,
311,عمومی,زبان,گفتار روزمره,عربی,,,
312,عمومی,زبان,گفتار روزمره,کردی,,,
313,عمومی,زبان,گفتار روزمره,لهجه و گویش محلی,,,
314,عمومی,زبان,گفتار روزمره,سایر,,,
315,عمومی,زبان,آشنایی,فارسی,,,
316,عمومی,زبان,آشنایی,انگلیسی,,,
317,عمومی,زبان,آشنایی,عربی,,,
318,عمومی,زبان,آشنایی,ترکی,,,
319,عمومی,زبان,آشنایی,آذری,,,
320,عمومی,زبان,آشنایی,فرانسوی,,,
321,عمومی,زبان,آشنایی,سایر,,,
322,عمومی,کدام دست,چپ دست,,,,
323,عمومی,کدام دست,راست دست,,,,
324,عمومی,کدوم بهتره,علم,,,,
325,عمومی,کدوم بهتره,ثروت,,,,
326,عمومی,کدوم بهتره,نتونستم تصمیم بگیرم,,,,
327,عمومی,گل و گیاه,علاقمندی,دارد,,,
328,عمومی,گل و گیاه,علاقمندی,ندارد,,,
329,عمومی,متولد,دهه,80,,,
330,عمومی,متولد,دهه,70,,,
331,عمومی,متولد,دهه,60,,,
332,عمومی,متولد,دهه,50,,,
333,عمومی,متولد,دهه,40,,,
334,عمومی,متولد,دهه,30,,,
335,عمومی,متولد,دهه,۲۰ و قبل‌تر,,,
336,عمومی,محدوده قد,کمتر از ۱۵۰,,,,
337,عمومی,محدوده قد,بین ۱۵۰ تا ۱۶۰,,,,
338,عمومی,محدوده قد,بین ۱۶۰ تا ۱۷۰,,,,
339,عمومی,محدوده قد,بین ۱۸۰ تا ۱۹۰,,,,
340,عمومی,محدوده قد,بیشتر از ۱۹۰,,,,
341,عمومی,محل تولد,شهر,,,,
342,عمومی,محل تولد,روستا,,,,
343,عمومی,محل زندگی,شهر,,,,
344,عمومی,محل زندگی,روستا,,,,
345,عمومی,مسافرت,سفر خارجی,رفته,,,
346,عمومی,مسافرت,سفر خارجی,نرفته,,,
347,عمومی,مسافرت,سفر خارجی,قاره,آسیا,,
348,عمومی,مسافرت,سفر خارجی,قاره,اروپا,,
349,عمومی,مسافرت,سفر خارجی,قاره,آمریکای شمالی,,
350,عمومی,مسافرت,سفر خارجی,قاره,آمریکای جنوبی,,
351,عمومی,مسافرت,سفر خارجی,قاره,آفریقا,,
352,عمومی,مسافرت,سفر خارجی,قاره,اقیانوسیه,,
353,عمومی,مسکن,وضعیت مسکن,مالک,,,
354,عمومی,مسکن,وضعیت مسکن,اجاره‌ای,,,
355,عمومی,مسکن,وضعیت مسکن,خانه پدری,,,
356,عمومی,مسکن,وضعیت مسکن,بی‌خانمان,,,
357,عمومی,مسکن,وضعیت مسکن,سایر,,,
358,عمومی,میزان خواب,بین ۵ تا ۶ ساعت,,,,
359,عمومی,میزان خواب,بین ۶ تا ۷ ساعت,,,,
360,عمومی,میزان خواب,بین ۷ تا ۸ ساعت,,,,
361,عمومی,میزان خواب,بین ۸ تا ۹ ساعت,,,,
362,عمومی,میزان خواب,بیش از ۹ ساعت,,,,
363,عمومی,یارانه,دریافت‌کردن,می‌کند,,,
364,عمومی,یارانه,دریافت‌کردن,نمی‌کند,,,
365,عمومی,یارانه,دریافت‌کردن,قطع کردند,,,
366,فرهنگی,اخبار,پیگیری‌کردن,می‌کند,,,
367,فرهنگی,اخبار,پیگیری‌کردن,نمی‌کند,,,
368,فرهنگی,اخبار,روش پیگیری,شبکه‌های اجتماعی,,,
369,فرهنگی,اخبار,روش پیگیری,سایت‌های خبری,,,
370,فرهنگی,اخبار,روش پیگیری,تلویزیون,,,
371,فرهنگی,اخبار,روش پیگیری,رادیو,,,
372,فرهنگی,اخبار,روش پیگیری,روزنامه,,,
373,فرهنگی,اخبار,روش پیگیری,سایر,,,
374,فرهنگی,اخبار,نوع خبر,سیاسی,,,
375,فرهنگی,اخبار,نوع خبر,اقتصادی,,,
376,فرهنگی,اخبار,نوع خبر,ورزشی,,,
377,فرهنگی,اخبار,نوع خبر,بین‌المللی,,,
378,فرهنگی,اخبار,نوع خبر,سلامتی,,,
379,فرهنگی,اخبار,نوع خبر,سایر,,,
380,فرهنگی,تلویزیون,اخبار,شبکه خبر,,,
381,فرهنگی,تلویزیون,اخبار,پرس تی وی,,,
382,فرهنگی,تلویزیون,اخبار,شبکه یک,,,
383,فرهنگی,تلویزیون,اخبار,شبکه دو,,,
384,فرهنگی,تلویزیون,اخبار,شبکه سه,,,
385,فرهنگی,تلویزیون,اخبار,شبکه چهار,,,
386,فرهنگی,تلویزیون,اخبار,سایر,,,
387,فرهنگی,تلویزیون,تماشاکردن,شبکه یک,,,
388,فرهنگی,تلویزیون,تماشاکردن,شبکه دو,,,
389,فرهنگی,تلویزیون,تماشاکردن,شبکه سه,,,
390,فرهنگی,تلویزیون,تماشاکردن,شبکه سه,,,
391,فرهنگی,تلویزیون,تماشاکردن,شبکه چهار,,,
392,فرهنگی,تلویزیون,تماشاکردن,شبکه پنج,,,
393,فرهنگی,تلویزیون,تماشاکردن,کانال‌های استانی,,,
394,فرهنگی,تلویزیون,تماشاکردن,سایر,,,
395,فرهنگی,کتاب,نوع کتاب,رمان و داستان,,,
396,فرهنگی,کتاب,نوع کتاب,روانشناسی و تربیتی,,,
397,فرهنگی,کتاب,نوع کتاب,شعر، ادب و هنر,,,
398,فرهنگی,کتاب,نوع کتاب,علمی و صنعتی,,,
399,فرهنگی,کتاب,نوع کتاب,اقتصاد و مدیریت,,,
400,فرهنگی,کتاب,نوع کتاب,تاریخ,,,
401,فرهنگی,کتاب,نوع کتاب,سایر,,,
402,فرهنگی,کتاب,زمان مطالعه آخرین کتاب,هفته اخیر,,,
403,فرهنگی,کتاب,زمان مطالعه آخرین کتاب,ماه اخیر,,,
404,فرهنگی,کتاب,زمان مطالعه آخرین کتاب,شش‌ماه اخیر,,,
405,فرهنگی,کتاب,زمان مطالعه آخرین کتاب,سال اخیر,,,
406,فرهنگی,کتاب,زمان مطالعه آخرین کتاب,خیلی وقت‌پیش,,,
407,فرهنگی,کتابخانه,استفاده‌کردن,می‌کند,,,
408,فرهنگی,کتابخانه,استفاده‌کردن,نمی‌کند,,,
409,فرهنگی,کتابخانه,میزان استفاده,همیشه,,,
410,فرهنگی,کتابخانه,میزان استفاده,گاهی اوقات,,,
411,فرهنگی,کتابخانه,میزان استفاده,در گذشته,,,
412,فرهنگی,گردشگری,مسافرت,محل اسکان,هتل‌ها و مهمانپذیرها,,
413,فرهنگی,گردشگری,مسافرت,محل اسکان,مراکز اسکان سازمانی,,
414,فرهنگی,گردشگری,مسافرت,محل اسکان,خانه دوستان و آشنایان,,
415,فرهنگی,گردشگری,مسافرت,محل اسکان,چادرزدن در پارک‌ها و کمپ‌ها,,
416,فرهنگی,هنر,موسیقی,گوش‌دادن,می‌کند,,
417,فرهنگی,هنر,موسیقی,گوش‌دادن,نمی‌کند,,
418,فرهنگی,هنر,موسیقی,میزان گوش‌دادن,کم و بیش,,
419,فرهنگی,هنر,موسیقی,سبک,سنتی,,
420,فرهنگی,هنر,موسیقی,سبک,پاپ,,
421,فرهنگی,هنر,موسیقی,سبک,کلاسیک,,
422,فرهنگی,هنر,موسیقی,سبک,رپ,,
423,فرهنگی,هنر,موسیقی,سبک,راک,,
424,فرهنگی,هنر,موسیقی,سبک,محلی,,
425,فرهنگی,هنر,موسیقی,سبک,سایر,,
426,فرهنگی,هنر,سینما,علاقمندی,بله,,
427,فرهنگی,هنر,سینما,علاقمندی,خیر,,
428,فرهنگی,هنر,سینما,فیلم‌دیدن,هفتگی,,
429,فرهنگی,هنر,سینما,فیلم‌دیدن,ماهیانه,,
430,فرهنگی,هنر,سینما,فیلم‌دیدن,سالیانه,,
431,فرهنگی,هنر,سینما,فیلم‌دیدن,مدت‌هاست نرفته,,
432,فرهنگی,هنر,سینما,ژانر,درام,,
433,فرهنگی,هنر,سینما,ژانر,اکشن,,
434,فرهنگی,هنر,سینما,ژانر,کمدی,,
435,فرهنگی,هنر,سینما,ژانر,ترسناک,,
436,فرهنگی,هنر,سینما,ژانر,عاشقانه,,
437,فرهنگی,هنر,سینما,ژانر,جنایی,,
438,فرهنگی,هنر,سینما,ژانر,سایر,,
439,فرهنگی,هنر,شعر و شاعری,علاقمندی,بله,,
440,فرهنگی,هنر,شعر و شاعری,علاقمندی,خیر,,
441,فرهنگی,هنر,شعر و شاعری,علاقمندی,شاعر است,,
442,فرهنگی,هنر,شعر و شاعری,علاقمندی,قالب,غزل,
443,فرهنگی,هنر,شعر و شاعری,علاقمندی,قالب,قصیده,
444,فرهنگی,هنر,شعر و شاعری,علاقمندی,قالب,قطعه,
445,فرهنگی,هنر,شعر و شاعری,علاقمندی,قالب,مثنوی,
446,فرهنگی,هنر,شعر و شاعری,علاقمندی,قالب,رباعی,
447,فرهنگی,هنر,شعر و شاعری,علاقمندی,قالب,نیماعی - نو,
448,فرهنگی,هنر,شعر و شاعری,علاقمندی,قالب,سایر,
449,فناوری اطلاعات,اینترنت,نحوه اتصال,ای‌دی‌اس‌ال,,,
450,فناوری اطلاعات,اینترنت,نحوه اتصال,وایمکس,,,
451,فناوری اطلاعات,اینترنت,نحوه اتصال,اینترنت تلفن‌همراه,,,
452,فناوری اطلاعات,اینترنت,زمینه مصرف,شبکه‌های اجتماعی,,,
453,فناوری اطلاعات,اینترنت,زمینه مصرف,وب‌گردی,,,
454,فناوری اطلاعات,اینترنت,زمینه مصرف,پیگیری اخبار,,,
455,فناوری اطلاعات,اینترنت,زمینه مصرف,خرید,,,
456,فناوری اطلاعات,اینترنت,زمینه مصرف,بازی آنلاین,,,
457,فناوری اطلاعات,اینترنت,زمینه مصرف,سایر,,,
458,فناوری اطلاعات,اینترنت,شبکه‌های اجتماعی,استفاده‌‌کردن,می‌کند,,
459,فناوری اطلاعات,اینترنت,شبکه‌های اجتماعی,استفاده‌‌کردن,نمی‌کند,,
460,فناوری اطلاعات,اینترنت,شبکه‌های اجتماعی,فعالیت‌کردن,تلگرام,,
461,فناوری اطلاعات,اینترنت,شبکه‌های اجتماعی,فعالیت‌کردن,اینستاگرام,,
462,فناوری اطلاعات,اینترنت,شبکه‌های اجتماعی,فعالیت‌کردن,فیس‌بوک,,
463,فناوری اطلاعات,اینترنت,شبکه‌های اجتماعی,فعالیت‌کردن,توئیتر,,
464,فناوری اطلاعات,اینترنت,شبکه‌های اجتماعی,فعالیت‌کردن,سایر,,
465,فناوری اطلاعات,تلفن‌همراه,سیستم عامل,اندروید,,,
466,فناوری اطلاعات,تلفن‌همراه,سیستم عامل,آی‌او‌اس,,,
467,فناوری اطلاعات,تلفن‌همراه,سیستم عامل,ویندوزفون,,,
468,فناوری اطلاعات,تلفن‌همراه,سیستم عامل,جاوا,,,
469,فناوری اطلاعات,تلفن‌همراه,سیستم عامل,سایر,,,
470,ورزشی,اخبار و اطلاعات,علاقمندی,دارد,,,
471,ورزشی,اخبار و اطلاعات,علاقمندی,ندارد,,,
472,ورزشی,اخبار و اطلاعات,پیگیری,می‌کند,,,
473,ورزشی,اخبار و اطلاعات,پیگیری,نمی‌کند,,,
474,ورزشی,اخبار و اطلاعات,میزان پیگیری,تاحدودی,,,
475,ورزشی,آبی,علاقمندی,شنا,,,
476,ورزشی,آبی,علاقمندی,قایق‌رانی,,,
477,ورزشی,آبی,علاقمندی,واترپلو,,,
478,ورزشی,آبی,علاقمندی,اسکی روی آب,,,
479,ورزشی,آبی,علاقمندی,موج‌سواری,,,
480,ورزشی,آبی,علاقمندی,غواصی,,,
481,ورزشی,آبی,علاقمندی,سایر,,,
482,ورزشی,راکتی,علاقمندی,تنیس روی میز,,,
483,ورزشی,راکتی,علاقمندی,تنیس,,,
484,ورزشی,راکتی,علاقمندی,بدمینتون,,,
485,ورزشی,راکتی,علاقمندی,اسکواش,,,
486,ورزشی,راکتی,علاقمندی,سایر,,,
487,ورزشی,رزمی,علاقمندی,کاراته,,,
488,ورزشی,رزمی,علاقمندی,جودو,,,
489,ورزشی,رزمی,علاقمندی,تکواندو,,,
490,ورزشی,رزمی,علاقمندی,کونگ‌فو,,,
491,ورزشی,رزمی,علاقمندی,بوکس,,,
492,ورزشی,رزمی,علاقمندی,کشتی,,,
493,ورزشی,رزمی,علاقمندی,سایر,,,
494,ورزشی,سواری,علاقمندی,اتومبیل‌رانی,,,
495,ورزشی,سواری,علاقمندی,موتورسواری,,,
496,ورزشی,سواری,علاقمندی,دوچرخه‌سواری,,,
497,ورزشی,سواری,علاقمندی,اسب‌سواری,,,
498,ورزشی,سواری,علاقمندی,اسکی,,,
499,ورزشی,سواری,علاقمندی,سایر,,,
500,ورزشی,گروه ورزشی,علاقمندی,گروهی,,,
501,ورزشی,گروه ورزشی,علاقمندی,رزمی,,,
502,ورزشی,گروه ورزشی,علاقمندی,آبی,,,
503,ورزشی,گروه ورزشی,علاقمندی,سواری,,,
504,ورزشی,گروه ورزشی,علاقمندی,راکتی,,,
505,ورزشی,گروه ورزشی,علاقمندی,سایر,,,
506,ورزشی,گروهی,علاقمندی,فوتبال,,,
507,ورزشی,گروهی,علاقمندی,فوتسال,,,
508,ورزشی,گروهی,علاقمندی,بسکتبال,,,
509,ورزشی,گروهی,علاقمندی,والیبال,,,
510,ورزشی,گروهی,علاقمندی,هندبال,,,
511,ورزشی,گروهی,علاقمندی,سایر,,,
512,ورزشی,گروهی,فوتبال,لیگ برتر ایران,تیم,پرسپولیس,
513,ورزشی,گروهی,فوتبال,لیگ برتر ایران,تیم,استقلال,
514,ورزشی,گروهی,فوتبال,لیگ برتر ایران,تیم,تراکتورسازی,
515,ورزشی,گروهی,فوتبال,لیگ برتر ایران,تیم,سپاهان,
516,ورزشی,گروهی,فوتبال,لیگ برتر ایران,تیم,سایر,
517,ورزشی,گروهی,فوتبال,علاقمندی,لیگ برتر ایران,,
518,ورزشی,گروهی,فوتبال,علاقمندی,لالیگا اسپانیا,,
519,ورزشی,گروهی,فوتبال,علاقمندی,سری آ ایتالیا,,
520,ورزشی,گروهی,فوتبال,علاقمندی,بوندسلیگا آلمان,,
521,ورزشی,گروهی,فوتبال,علاقمندی,لیگ ۱ فرانسه,,
522,ورزشی,گروهی,فوتبال,علاقمندی,لیگ برتر انگلستان,,
523,ورزشی,گروهی,فوتبال,علاقمندی,سایر,,
